{
    "avgArrivalTime": 0.0849498665,
    "avgElapsedTime": 0.0020867890000000004,
    "avgNumberOfHops": 5,
    "bundles": [
        {
            "arrivalTime": 0.147644725,
            "elapsedTime": 0.0036632970000000003,
            "id": 123,
            "numberOfHops": 9
        },
        {
            "arrivalTime": 0.022255008,
            "elapsedTime": 0.000510281,
            "id": 124,
            "numberOfHops": 2
        }
    ],
    "simulationWalltimeSeconds": 47
}
