{
    "avgArrivalTime": 0.09638570299999999,
    "avgElapsedTime": 0.0012727324999999997,
    "avgNumberOfHops": 5,
    "bundles": [
        {
            "arrivalTime": 0.169085776,
            "elapsedTime": 0.0022026839999999995,
            "id": 123,
            "numberOfHops": 9
        },
        {
            "arrivalTime": 0.02368563,
            "elapsedTime": 0.000342781,
            "id": 124,
            "numberOfHops": 2
        }
    ],
    "simulationWalltimeSeconds": 8
}
