{
    "avgArrivalTime": 0.0769250685,
    "avgElapsedTime": 0.0035816959999999997,
    "avgNumberOfHops": 5,
    "bundles": [
        {
            "arrivalTime": 0.132286061,
            "elapsedTime": 0.00666385,
            "id": 373,
            "numberOfHops": 9
        },
        {
            "arrivalTime": 0.021564076,
            "elapsedTime": 0.000499542,
            "id": 374,
            "numberOfHops": 2
        }
    ],
    "simulationWalltimeSeconds": 67
}
