{
    "avgArrivalTime": 32723.504914568,
    "avgElapsedTime": 0.0018230739999999996,
    "avgNumberOfHops": 28,
    "bundles": [
        {
            "arrivalTime": 16361.752381358,
            "elapsedTime": 0.0021770089999999997,
            "id": 15,
            "numberOfHops": 28
        },
        {
            "arrivalTime": 16361.75253321,
            "elapsedTime": 0.0014691389999999997,
            "id": 16,
            "numberOfHops": 28
        }
    ],
    "simulationWalltimeSeconds": 2
}
