{
    "avgArrivalTime": 31395.589722919998,
    "avgElapsedTime": 0.002975225500000001,
    "avgNumberOfHops": 46,
    "bundles": [
        {
            "arrivalTime": 15697.794705128,
            "elapsedTime": 0.003445541000000001,
            "id": 15,
            "numberOfHops": 46
        },
        {
            "arrivalTime": 15697.795017792,
            "elapsedTime": 0.002504910000000001,
            "id": 16,
            "numberOfHops": 46
        }
    ],
    "simulationWalltimeSeconds": 3
}
